{
  "meta": {
    "version": "3.0",
    "timestamp": "2025-01-11T14:45:00Z",
    "language": "en",
    "title": "The Teachings of the Law of One",
    "subtitle": "An Invitation to Remember",
    "chapters": "1-4",
    "notes": "Single reference to source per chapter, then flows naturally without repetition"
  },
  "chapters": [
    {
      "id": "ch1",
      "number": 1,
      "numberText": "Chapter One",
      "title": "The Infinite One",
      "content": [
        {
          "type": "paragraph",
          "text": "There is an idea that appears again and again, in different forms, throughout human history. Mystics have intuited it. Poets have brushed against it. Philosophers have tried to articulate it. It is the idea that everything that exists comes from a single source, and that this source is not separate from us. In the teachings known as The Law of One, it is called the Infinite, or the Infinite Creator."
        },
        {
          "type": "paragraph",
          "text": "What does this mean? Before anything existed — before time, before space, before light or darkness — there was something that cannot be named or measured. It was not empty. It was absolute fullness: pure consciousness, limitless potential, formless being."
        },
        {
          "type": "paragraph",
          "text": "Something happened within that fullness. Not from lack, but from abundance. The Infinite became aware of a possibility: to know itself. But how can the limitless know itself when there is nothing outside it to serve as mirror?"
        },
        {
          "type": "paragraph",
          "text": "The answer was to become many while remaining one. To create within itself points of view, centers of experience, apparently separate consciousnesses that could explore existence from different angles. Not truly separate — for nothing can be separate from infinity — but differentiated enough to create the experience of discovery, of relationship, of love."
        },
        {
          "type": "paragraph",
          "text": "You are one of those points of view. Your consciousness, your sense of being someone looking out at a world, is the Infinite experiencing itself from your unique angle. You are not apart from the source; you are the source, temporarily focused in a particular experience."
        },
        {
          "type": "paragraph",
          "text": "Three fundamental principles sustain this unfolding. The first is free will — the gift that allows each portion of the Infinite to choose its own path. Without this freedom, the journey would have no real meaning."
        },
        {
          "type": "paragraph",
          "text": "The second principle is love — not merely an emotion, but the creative force itself, the impulse that builds, connects, and brings into being. Love is what shapes possibility into reality."
        },
        {
          "type": "paragraph",
          "text": "The third is light — the first manifestation, the material from which everything else is made. The stars, the planets, your own body — all are patterns of light in different configurations."
        },
        {
          "type": "paragraph",
          "text": "Why would the Infinite do this? Why create the illusion of separation, the conditions for suffering as well as joy?"
        },
        {
          "type": "paragraph",
          "text": "For the joy of knowing itself in ever-new ways. Every life, every choice, every moment of love or fear is a way for the whole to experience itself. Your experiences — all of them — have value to something vaster than you can imagine."
        },
        {
          "type": "paragraph",
          "text": "There is a phrase from the East that captures this: Tat tvam asi. That thou art. What you seek, you already are. The infinite you long to touch is looking through your eyes at this very moment."
        },
        {
          "type": "paragraph",
          "text": "This is not something to simply believe or reject. It is a perspective to consider, to feel, to test against your own experience. Perhaps it resonates with something you already sensed. Perhaps not. Both responses are valid."
        },
        {
          "type": "paragraph",
          "text": "The journey of exploration has already begun. It began the moment you wondered if there might be more to life than what is visible. Every sincere question is part of the path."
        }
      ]
    },
    {
      "id": "ch2",
      "number": 2,
      "numberText": "Chapter Two",
      "title": "The Great Journey",
      "content": [
        {
          "type": "paragraph",
          "text": "If consciousness exists in different states or levels, what are those states? Is there any order to them? The Law of One offers a detailed map: seven states of being, called densities — not because they are dense in the sense of heavy, but because each represents a different concentration of light, a different intensity of consciousness."
        },
        {
          "type": "paragraph",
          "text": "These seven densities are arranged like notes in a musical octave. Each has its own lessons, its own gifts, its own way of experiencing existence."
        },
        {
          "type": "paragraph",
          "text": "The first density is the realm of the elements — earth, water, fire, air. Here consciousness exists, but does not know itself. It simply is. Rocks, water, the air you breathe are expressions of this first density."
        },
        {
          "type": "paragraph",
          "text": "The second density is the realm of biological life — plants and animals. Here consciousness begins to move, to grow, to seek. Plants turn toward the sun. Animals seek food and companionship. There is purpose, but not yet self-awareness. Your pet, the trees, the birds — all are travelers in second density."
        },
        {
          "type": "paragraph",
          "text": "The third density is where you find yourself now. It is the realm of self-awareness, where consciousness first asks: Who am I? It is also the realm of choice — the pivotal moment where each being decides its fundamental orientation."
        },
        {
          "type": "paragraph",
          "text": "The choice is between two ways of relating to existence: one that reaches outward toward others, and one that concentrates inward toward self. Both are valid paths. Both eventually lead to the same destination. But they are very different journeys."
        },
        {
          "type": "paragraph",
          "text": "The fourth density, for those who choose the outward path, is the realm of love and mutual understanding. Here barriers between beings become transparent. Thoughts and feelings can be shared directly. Groups of beings form what are called social memory complexes — consciousnesses that share experience while maintaining individual perspective."
        },
        {
          "type": "paragraph",
          "text": "The fifth density is the realm of wisdom. Here love is refined with understanding. The heart learns to work with the mind. Compassion discovers when to act and when to wait."
        },
        {
          "type": "paragraph",
          "text": "The sixth density is the realm of unity. Here love and wisdom become fully integrated. And here something significant happens: those who chose the inward path cannot proceed further without changing orientation. Eventually, all paths converge."
        },
        {
          "type": "paragraph",
          "text": "The seventh density is the gateway to the final mystery. Here the individual prepares for return, offering everything learned back to the source. And the eighth is both ending and beginning — the return to unity, which is also the start of something new."
        },
        {
          "type": "paragraph",
          "text": "This is a map, not the territory. The actual journey is richer and stranger than any description can capture. But perhaps knowing a map exists — that life might be going somewhere — can offer some perspective."
        },
        {
          "type": "paragraph",
          "text": "You are on this journey now, whether you know it or not. The question is not whether it continues. The question is how you choose to travel it."
        }
      ]
    },
    {
      "id": "ch3",
      "number": 3,
      "numberText": "Chapter Three",
      "title": "The Forgetting",
      "content": [
        {
          "type": "paragraph",
          "text": "If we are truly eternal consciousnesses on a vast journey, an obvious question arises: why don't we remember? Why does each life begin in ignorance? The Law of One offers a surprising answer: the forgetting is not an error. It is an essential part of the design."
        },
        {
          "type": "paragraph",
          "text": "Think of it this way: if you remembered with certainty that we are all one, that this life is one among many, that suffering is temporary and love the ultimate reality — what would really be at stake? What would it mean to choose love when you know with certainty it is the only correct answer?"
        },
        {
          "type": "paragraph",
          "text": "In earlier stages of creation, the forgetting did not exist. Consciousnesses moved with full knowledge of who they were and where they came from. The result was a kind of stagnation. Without mystery, there was nothing to discover. Without uncertainty, choices had no real weight."
        },
        {
          "type": "paragraph",
          "text": "The forgetting was introduced as a gift — strange, perhaps, but a gift nonetheless. By hiding truth from waking consciousness, it creates the conditions for something precious: authentic choice, real faith, love that means something because it is offered without guarantee of return."
        },
        {
          "type": "paragraph",
          "text": "Anyone can love when they know they will be loved back. But to love in uncertainty, to give without knowing if you will receive, to trust when you cannot verify — this creates something that could not exist otherwise."
        },
        {
          "type": "paragraph",
          "text": "The forgetting is not total. Beneath the surface of the conscious mind, something deeper remembers. This is why intuition matters. This is why dreams sometimes carry messages that feel more true than waking life. This is why certain moments — a piece of music, a landscape, an encounter — can trigger inexplicable recognition."
        },
        {
          "type": "paragraph",
          "text": "The forgetting also explains why silence and stillness appear in every spiritual tradition. When the noise of daily life quiets, something deeper can become audible. Meditation, prayer, contemplation — these are ways of hearing what the bustle normally drowns out."
        },
        {
          "type": "paragraph",
          "text": "And the forgetting is temporary. At the end of each life, the full perspective returns. Everything becomes clear — who you were, why you came, what you learned. The confusion of incarnate life is revealed as the intentional darkness of a classroom."
        },
        {
          "type": "paragraph",
          "text": "Perhaps this is why life can feel so intense, so urgent. On some level, even if we don't consciously remember, we know that this particular configuration will not repeat. Whatever we are here to do, now is the time."
        },
        {
          "type": "paragraph",
          "text": "You are not abandoned in the darkness. The part of you that knows is always available, waiting to be consulted. The forgetting is real, but so is the remembering that waits on the other side of every moment of genuine seeking."
        }
      ]
    },
    {
      "id": "ch4",
      "number": 4,
      "numberText": "Chapter Four",
      "title": "The Story of This World",
      "content": [
        {
          "type": "paragraph",
          "text": "The Law of One includes a particular account of Earth — not its geological history, but its history as a place of learning for consciousnesses. It is an account that cannot be conventionally verified, but it offers an interesting perspective on the human condition."
        },
        {
          "type": "paragraph",
          "text": "Earth is unusual. Most worlds develop their consciousnesses in relative uniformity — the souls of a planet progress together, sharing common origin and lessons. But Earth gathered inhabitants from many different origins."
        },
        {
          "type": "paragraph",
          "text": "This would explain much about human experience. The difficulty of achieving unity. The conflicts between peoples who see the world in such different ways. The sense many have of not quite belonging here. That feeling has foundation — we are diverse types of travelers, gathered in one place."
        },
        {
          "type": "paragraph",
          "text": "There were worlds that faced crisis before. Where scientists observe the asteroid belt, there was once a planet whose inhabitants destroyed each other. Mars also had conscious life that made their world uninhabitable. The consciousnesses from these places were invited to continue their learning here."
        },
        {
          "type": "paragraph",
          "text": "There were also earlier Earth civilizations — places that might correspond to what legends call Lemuria and Atlantis. Civilizations that fell due to imbalances between technological and spiritual development."
        },
        {
          "type": "paragraph",
          "text": "Is this literally true? There is no way to know for certain. But even as metaphor, it carries a relevant message: power without wisdom tends toward destruction. It is a pattern we don't need historical proof to recognize — we see it operating in the present."
        },
        {
          "type": "paragraph",
          "text": "Earth's current cycle is approaching a transition point. Not in the sense of catastrophic apocalypse, but of graduation — a moment where the results of collective learning manifest, and where what comes next is determined."
        },
        {
          "type": "paragraph",
          "text": "What happens depends on what we have learned, individually and collectively. The outcome is not predetermined. Every choice contributes."
        },
        {
          "type": "paragraph",
          "text": "Perhaps the most useful thing about this perspective is not its specific claims about planets and civilizations, but the framework it offers: that we are not accidents in an indifferent universe, but participants in something with direction. That our struggles have context. That what we do matters beyond the immediately visible."
        },
        {
          "type": "paragraph",
          "text": "The story of Earth — whatever its literal truth — continues to be written. We are writing it now, with every choice, whether we know it or not."
        }
      ]
    }
  ]
}
