{
  "meta": {
    "version": "3.0",
    "timestamp": "2025-01-11T14:55:00Z",
    "language": "en",
    "title": "The Teachings of the Law of One",
    "subtitle": "An Invitation to Remember",
    "chapters": "9-11",
    "notes": "Single reference to source per chapter, then flows naturally without repetition"
  },
  "chapters": [
    {
      "id": "ch9",
      "number": 9,
      "numberText": "Chapter Nine",
      "title": "The Help That Surrounds You",
      "content": [
        {
          "type": "paragraph",
          "text": "If the forgetting is real — if we come into this world without conscious memory of our deeper nature — then we might expect to be completely alone. But The Law of One describes something different: we are surrounded by help, though we rarely perceive it directly."
        },
        {
          "type": "paragraph",
          "text": "The most intimate source of this help receives different names in different traditions: the higher self, the soul, the guardian angel. Here it is described as your own consciousness in more complete form — who you will eventually become, offering guidance to who you are now."
        },
        {
          "type": "paragraph",
          "text": "This sounds paradoxical. How can your future self already exist and guide your present? Time, as we experience it, is not ultimate reality. At deeper levels, what we call past, present, and future coexist. The more developed version of you is already real, and from that vantage point, can offer assistance."
        },
        {
          "type": "paragraph",
          "text": "This higher self knows your entire journey — every life, every lesson learned and pending, every choice you will make. But it does not control you. It guides when consulted. It protects when possible. But it completely respects your freedom. The journey must be yours."
        },
        {
          "type": "paragraph",
          "text": "Beyond the higher self, there are others who help — beings dedicated to assisting the development of others. Some are humans who have passed through death and choose to serve the living. Some have never been human. Some are companions from other lives who remain connected to you."
        },
        {
          "type": "paragraph",
          "text": "These helpers rarely communicate in obvious ways. Do not expect voices or dramatic visions. Guidance arrives more subtly: a thought with unusual clarity, a dream offering unexpected perspective, a coincidence that seems to answer exactly what you were asking. A book appears at just the right moment. A person enters your life with exactly what you needed."
        },
        {
          "type": "paragraph",
          "text": "This guidance becomes more accessible through stillness. When the noise of daily life calms, subtle signals become perceptible. This is why meditation appears in virtually every tradition — not because it impresses anyone, but because it creates conditions where deeper consciousness can emerge."
        },
        {
          "type": "paragraph",
          "text": "Dreams are another channel. During sleep, barriers between conscious and unconscious become more permeable. The part of you that knows can communicate more freely. Paying attention to dreams can offer guidance that the busy day blocks."
        },
        {
          "type": "paragraph",
          "text": "The help is real, but respects boundaries. No guide will make decisions for you. No external force will override your will. You remain author of your story. Guidance is more whisper than command — available to those who listen, never imposed."
        },
        {
          "type": "paragraph",
          "text": "You are not alone. You never have been. The sense of isolation is part of the forgetting — temporary condition, not ultimate truth. Beneath the surface, connection remains. Help waits for you to turn toward it."
        },
        {
          "type": "paragraph",
          "text": "Asking matters. Guidance flows more freely to those who seek it. Not because helpers are withholding, but because free will requires that we choose to open. A sincere request, offered in stillness, initiates a process that may take unexpected forms."
        }
      ]
    },
    {
      "id": "ch10",
      "number": 10,
      "numberText": "Chapter Ten",
      "title": "Living the Teachings",
      "content": [
        {
          "type": "paragraph",
          "text": "We have explored a broad framework — infinite origins, journeys through densities, forgetting and choice, catalyst and harvest, death and continuity, available help. But a framework remains abstract until it touches concrete life. What does this mean for the actual days we live?"
        },
        {
          "type": "paragraph",
          "text": "First: nothing dramatic is required. If this framework has validity, then the life you are already living is the path. The family you care for, the work you do, the relationships you navigate — these are not obstacles to something more important. They are the curriculum. They are where learning happens."
        },
        {
          "type": "paragraph",
          "text": "That said, certain practices appear consistently in traditions that have explored these territories. They are not obligatory rules, but invitations to ways of living that may ease the journey."
        },
        {
          "type": "paragraph",
          "text": "Stillness is one. Every tradition that has touched deeper dimensions values some form of silence. It need not be formal meditation. It might be a few minutes sitting quietly before the day begins. It might be walking in nature without phone. It might be simply pausing between activities and noticing that you exist. What matters is creating space where noise can settle."
        },
        {
          "type": "paragraph",
          "text": "Attention is another. Being present to what is actually happening — not lost in memory or anticipation, but here, now. It sounds simple but is not. The mind constantly runs elsewhere. But even brief moments of genuine presence have power. In presence, deeper knowing can surface."
        },
        {
          "type": "paragraph",
          "text": "Service appears in all traditions as well. Not necessarily grand service or impressive sacrifice. Simply the willingness to help where help is needed. The smile for the stranger. Patience with the difficult person. Kindness without expecting return. These small acts are the building blocks of something larger."
        },
        {
          "type": "paragraph",
          "text": "Gratitude appears again and again. The practice of noticing what is received rather than focusing on what is lacking. This is not denying difficulties — life is genuinely hard and pretending otherwise does not help. It is simply broadening attention to include gifts alongside challenges."
        },
        {
          "type": "paragraph",
          "text": "And patience, always patience. Transformation does not happen quickly. The patterns we work to change have been built over long time. They will not dissolve in a week or month or year. The gardener does not dig up seeds to check progress. Waters, waits, trusts the process."
        },
        {
          "type": "paragraph",
          "text": "None of this requires believing in any particular framework. The practices work regardless of the cosmology behind them. Stillness is valuable whether or not you believe in densities. Service feels right whether or not you think harvest is coming. You need not be convinced of anything to begin. Only willing to try."
        },
        {
          "type": "paragraph",
          "text": "Perhaps that is the point. What we have explored is an invitation, not a demand. Take what resonates. Leave what does not. Find your own way. The journey is yours."
        }
      ]
    },
    {
      "id": "ch11",
      "number": 11,
      "numberText": "Chapter Eleven",
      "title": "The Mystery Remains",
      "content": [
        {
          "type": "paragraph",
          "text": "We have covered much ground. From infinite origin to everyday life, from densities of consciousness to simple practices, from death to invisible help. And now it is appropriate to say something that may seem strange after all this: the mystery remains."
        },
        {
          "type": "paragraph",
          "text": "No one fully understands what we have explored. Not the most advanced teachers, not any finite being. The Infinite, by its nature, cannot be completely grasped by any portion of itself. The map is never the territory. The description is never the thing described."
        },
        {
          "type": "paragraph",
          "text": "This is not frustrating. It is beautiful. It means the journey never truly ends. It means there is always more to discover, more to experience, more to become. The adventure continues indefinitely."
        },
        {
          "type": "paragraph",
          "text": "Everything we have shared should be held lightly. It is one framework among many possible. It may be useful. It may resonate with something you already felt. Or it may not. Your own experience and discernment are the final authority. Test everything against your deepest sense of truth. Keep what serves. Release what does not."
        },
        {
          "type": "paragraph",
          "text": "The Law of One, like any teaching, does not ask for blind faith. It asks for exploration. It suggests that what it describes can be experienced directly in your own consciousness if you are willing to look. The invitation is not to accept doctrines but to begin a process of discovery."
        },
        {
          "type": "paragraph",
          "text": "There is something that appears consistently here and in many other traditions. It is the simplest thing, and perhaps the most important. Behind all the cosmic architecture, beneath all the journeys and densities, at the heart of everything that exists, there is love."
        },
        {
          "type": "paragraph",
          "text": "Not love as passing sentiment, not love as superficial emotion. Love as the creative force of existence itself. Love as the energy that builds worlds and sustains them. Love as the pull that draws all things eventually home."
        },
        {
          "type": "paragraph",
          "text": "If that is true, then our moments of love are not small or insignificant. Every time we genuinely care for another being, we participate in something vast. Every act of kindness ripples in ways we cannot trace. Every forgiveness, every patience, every moment of compassion — these are not peripheral to existence. They are what existence is for."
        },
        {
          "type": "paragraph",
          "text": "You are more than you know. Not because someone tells you, but because you can feel it in your own depths if you become still enough to listen. You carry something ancient and vast within, something that has traveled farther than you can remember, something that knows the way even when the conscious mind has forgotten."
        },
        {
          "type": "paragraph",
          "text": "The story continues. Your story continues. Whatever challenges you face, whatever darkness surrounds you, the journey goes on. And somewhere in the depths of your being, beneath all the noise, the light remains. It has always been there. It always will be."
        },
        {
          "type": "paragraph",
          "text": "That is the invitation we leave you with. Not to believe anything particular, but to turn toward that light within yourself and see what it has to show you. The mystery remains. And in the mystery, perhaps, is everything."
        }
      ]
    }
  ]
}
