{
  "meta": {
    "version": "3.0",
    "timestamp": "2025-01-11T14:50:00Z",
    "language": "en",
    "title": "The Teachings of the Law of One",
    "subtitle": "An Invitation to Remember",
    "chapters": "5-8",
    "notes": "Single reference to source per chapter, then flows naturally without repetition"
  },
  "chapters": [
    {
      "id": "ch5",
      "number": 5,
      "numberText": "Chapter Five",
      "title": "The Choice",
      "content": [
        {
          "type": "paragraph",
          "text": "At the heart of The Law of One lies a central idea: the purpose of this stage of existence is to choose. Not to achieve, not to accumulate, not to prove anything. Simply to choose a fundamental orientation."
        },
        {
          "type": "paragraph",
          "text": "The choice is not between good and evil in the conventional sense. It is between two ways of relating to existence: one that reaches outward toward others, and one that concentrates inward toward self."
        },
        {
          "type": "paragraph",
          "text": "The outward path sees other beings as part of oneself. It feels their joys and sorrows as its own. It naturally wants to share, to help, to connect. When this orientation deepens, it becomes service to others — not as obligation, but as natural expression of how one perceives reality."
        },
        {
          "type": "paragraph",
          "text": "The inward path sees others as separate, as resources or obstacles. It seeks power, control, dominion. When this orientation deepens, it becomes service to self — a philosophy of placing one's own advancement above all else."
        },
        {
          "type": "paragraph",
          "text": "Most of us live somewhere in between. We are kind sometimes, selfish at others. We reach out in love and then pull back in fear. This is normal, this is human. But the purpose of our time here is to gradually clarify our orientation."
        },
        {
          "type": "paragraph",
          "text": "An important point: both paths are valid in a cosmic sense. Both eventually lead to the same destination. The Infinite does not condemn those who choose the inward path — how could it condemn any part of itself? But the paths are very different in experience. The outward path generates more connection, more shared joy. The inward path generates more isolation, more struggle, and eventually requires reversal when its limits are reached."
        },
        {
          "type": "paragraph",
          "text": "What makes this choice so significant is the forgetting. We choose without certainty of where each path leads. We choose love without proof it will be returned. We choose trust without guarantee. This is what gives the choice real weight."
        },
        {
          "type": "paragraph",
          "text": "The choice is not made once, in a dramatic moment. It is made repeatedly, in the small moments of life. In how you treat the stranger. In what you do when no one is watching. In the thoughts you allow when alone. These small choices accumulate into an overall direction."
        },
        {
          "type": "paragraph",
          "text": "Perfection is not required. Even a slight majority of outward orientation — somewhat more than half your moments oriented toward others — is enough to establish the direction. We are not asked to be saints. We are asked to try, to keep trying, to maintain orientation even when we fail."
        },
        {
          "type": "paragraph",
          "text": "The choice is yours. It has always been yours. And whatever you choose, you remain what you have always been: an expression of the Infinite, finding its way."
        }
      ]
    },
    {
      "id": "ch6",
      "number": 6,
      "numberText": "Chapter Six",
      "title": "The Harvest",
      "content": [
        {
          "type": "paragraph",
          "text": "The word harvest evokes the rhythms of agriculture — seeds planted, patience exercised, then the gathering of what has grown. The Law of One uses this image to describe a process that occurs periodically: a moment of transition where the results of learning manifest and determine what follows."
        },
        {
          "type": "paragraph",
          "text": "Earth is approaching such a moment. The cycle of learning that began long ago nears completion. This is not something to fear — it is not apocalypse in the catastrophic sense. It is more comparable to a graduation."
        },
        {
          "type": "paragraph",
          "text": "When each life ends, consciousness passes through a process of review and healing. Then comes a moment of clarity. The being moves toward increasing light. At some point, the light becomes too intense to continue comfortably. Where each one stops reflects their inner state."
        },
        {
          "type": "paragraph",
          "text": "Those who have cultivated outward orientation — love, service, connection — can tolerate brighter light. They advance toward experiences of greater depth. Those who have cultivated inward orientation continue on their own path. Those who never clarified their orientation repeat the learning until ready to choose."
        },
        {
          "type": "paragraph",
          "text": "This is not external judgment. There is no authority pronouncing sentences. Each consciousness determines its own readiness by what it has become. The harvest simply reveals what already exists within."
        },
        {
          "type": "paragraph",
          "text": "If we live in significant times, then the choices we make now matter not only for this life but for what follows. The love we cultivate, the connections we build, the direction we choose — all of it is preparation."
        },
        {
          "type": "paragraph",
          "text": "But perhaps it is better not to obsess over harvest as a future event. Live as though every moment matters — because it does. The harvest is not something that happens to us someday. It is something happening through us, in every choice, in every interaction."
        },
        {
          "type": "paragraph",
          "text": "Every moment of genuine love is already part of the harvest. Every time you choose connection over separation, you are ripening. Every kindness offered, every forgiveness extended, every moment of patience — these are the fruits you are growing."
        },
        {
          "type": "paragraph",
          "text": "We cannot know exactly what comes next. But we can know what matters now: to love as best we can, to serve where needed, to maintain the chosen orientation."
        },
        {
          "type": "paragraph",
          "text": "The harvest will take care of itself. Our job is to grow."
        }
      ]
    },
    {
      "id": "ch7",
      "number": 7,
      "numberText": "Chapter Seven",
      "title": "The Gift of Experience",
      "content": [
        {
          "type": "paragraph",
          "text": "If there is validity to what we have explored, then ordinary life takes on different meaning. Difficulties become opportunities. Relationships become teachers. Every moment offers material for growth. The Law of One uses the term catalyst to describe this material — everything that happens to us and provokes a response."
        },
        {
          "type": "paragraph",
          "text": "Catalyst is neutral in itself; what matters is how we process it. Everything you face is catalyst. Difficult work, complicated relationships, health problems, economic pressures. Also unexpected kindness, moments of beauty, love that arrives unsought. All of it is material for growth."
        },
        {
          "type": "paragraph",
          "text": "Much of the catalyst we face is not random. Before each life, we participate in selecting the major themes — the family, the challenges, the learning opportunities. Not every detail, but the overall shape. We choose the curriculum we will study."
        },
        {
          "type": "paragraph",
          "text": "If this is true, then the difficult childhood was not accident but chosen challenge. Physical limitation is not punishment but accepted catalyst. We are not victims of circumstances but students who arranged their own education — even if we have forgotten the arrangement."
        },
        {
          "type": "paragraph",
          "text": "This does not mean suffering should be passively embraced or that we should not improve our circumstances. It means any circumstance can be used. No situation is spiritually wasted."
        },
        {
          "type": "paragraph",
          "text": "The key is how we respond. When difficulty arrives, we can ask: What might this teach me? What would love do here? Where is the opportunity? These questions transform raw experience into conscious learning."
        },
        {
          "type": "paragraph",
          "text": "Other people are a primary source of catalyst. They mirror aspects of ourselves that would otherwise remain hidden. What bothers us in another often points to something unresolved in ourselves. What we admire often reflects qualities we are developing."
        },
        {
          "type": "paragraph",
          "text": "Pain too is a teacher. Physical, emotional, spiritual pain — all create opportunities for patience, compassion, discovery of inner resources. There is value in developing a light touch — the ability to take difficulties seriously without being crushed by them."
        },
        {
          "type": "paragraph",
          "text": "None of this is easy. We are not expected to be grateful for our sorrows or to pretend that hard things are not hard. We are only invited to see experiences as part of a larger process, to trust that nothing is wasted."
        },
        {
          "type": "paragraph",
          "text": "The practice is simple: attention. Noticing what happens within us. Observing our reactions. Asking what each moment teaches. This sustained attention is perhaps the most powerful practice available. It requires no special techniques or particular beliefs. Only the willingness to be present."
        },
        {
          "type": "paragraph",
          "text": "Your life, exactly as it is, contains what you need. The perfect teacher is already with you — disguised as your circumstances."
        }
      ]
    },
    {
      "id": "ch8",
      "number": 8,
      "numberText": "Chapter Eight",
      "title": "What Comes After",
      "content": [
        {
          "type": "paragraph",
          "text": "We arrive at the question beneath all others: What happens when we die? Every culture offers answers. Every person eventually faces the mystery. The Law of One offers its own framework — not as certainty, but as one way of considering what might await."
        },
        {
          "type": "paragraph",
          "text": "Death is not ending but transition. The consciousness that animated the body does not cease; it releases from one vehicle and eventually assumes another. What you essentially are continues. Only the temporary form dissolves."
        },
        {
          "type": "paragraph",
          "text": "A process unfolds after physical death. First, consciousness gradually recognizes what has happened. Some understand immediately; others need time. Those who cling tightly to physical existence may remain confused for a period. But eventually, all move on."
        },
        {
          "type": "paragraph",
          "text": "What follows is a kind of review — not judgment by external authority, but complete revisiting of the life just lived. Every significant moment can be experienced again, not only from your perspective but from that of everyone involved. The pain you caused becomes visible. The love you gave reveals its true reach. Nothing remains hidden."
        },
        {
          "type": "paragraph",
          "text": "This review is not punishment, though it may be intense. It is an opportunity for complete honesty, for seeing clearly what the forgetting obscured. You evaluate your own progress. You see what you learned, what you missed, what you still need to learn."
        },
        {
          "type": "paragraph",
          "text": "After comes healing. Where there was trauma, there is restoration. Where there were wounds, there is gradual repair. There is great patience in this process — as much time as needed to integrate what was experienced."
        },
        {
          "type": "paragraph",
          "text": "For those whose journey continues, there is planning. The soul participates in designing its next life — choosing circumstances that will provide needed lessons, selecting challenges that will offer specific opportunities, arranging to meet souls with whom there is pending work."
        },
        {
          "type": "paragraph",
          "text": "What continues is not the personality as you know it. The particular configuration of preferences, habits, and memories that makes you recognizable will be released. But something deeper persists — the essential self that has animated this and other personalities. The lessons learned, the growth achieved, the capacity for love cultivated — these travel with you."
        },
        {
          "type": "paragraph",
          "text": "If this framework has validity, then life looks different. The losses we fear are not what they seem. Those we love do not truly disappear. The relationships that matter continue in ways we do not fully understand from this side."
        },
        {
          "type": "paragraph",
          "text": "And how we live matters. Every choice shapes what we are becoming. Every act of love, every moment of patience, every forgiveness extended — all accumulates into something that death does not erase. We are building something with our lives."
        },
        {
          "type": "paragraph",
          "text": "We cannot prove any of this. The mystery remains. But perhaps it offers perspective. Death may not be the ending we fear. It may be more like waking — the discovery that we are vaster than we knew."
        }
      ]
    }
  ]
}
